{"cameraMode":{"drawMode":0,"name":"Shaded","section":"Shading Mode"},"sceneLighting":false,"audioPlay":false,"sceneViewState":{"m_AlwaysRefresh":false,"showFog":true,"showSkybox":false,"showFlares":true,"showImageEffects":true,"showParticleSystems":true,"showVisualEffectGraphs":true,"m_FxEnabled":true},"in2DMode":false,"pivot":{"x":-0.0004437565803527832,"y":0.6328739523887634,"z":-0.00818401575088501},"rotation":{"x":0.10098160058259964,"y":-0.3861628472805023,"z":0.04257483035326004,"w":0.9159016013145447},"size":1.4573136568069459,"orthographic":false}