{"cameraMode":{"drawMode":0,"name":"Shaded","section":"Shading Mode"},"sceneLighting":false,"audioPlay":false,"sceneViewState":{"m_AlwaysRefresh":false,"showFog":true,"showSkybox":true,"showFlares":true,"showImageEffects":true,"showParticleSystems":true,"showVisualEffectGraphs":true,"m_FxEnabled":true},"in2DMode":false,"pivot":{"x":-0.01803191751241684,"y":0.28714269399642947,"z":0.28557637333869936},"rotation":{"x":0.029767613857984544,"y":0.9623571634292603,"z":-0.2431686818599701,"w":0.11779201030731201},"size":0.2505177855491638,"orthographic":false}