{"cameraMode":{"drawMode":0,"name":"Shaded","section":"Shading Mode"},"sceneLighting":false,"audioPlay":false,"sceneViewState":{"m_AlwaysRefresh":false,"showFog":true,"showSkybox":true,"showFlares":true,"showImageEffects":true,"showParticleSystems":true,"showVisualEffectGraphs":true,"m_FxEnabled":true},"in2DMode":false,"pivot":{"x":-9.98377799987793e-7,"y":0.18999090790748597,"z":-0.00005480647087097168},"rotation":{"x":0.015348473563790322,"y":0.9814123511314392,"z":-0.16947633028030396,"w":0.08885712921619415},"size":0.2623222768306732,"orthographic":false}