{"cameraMode":{"drawMode":0,"name":"Shaded","section":"Shading Mode"},"sceneLighting":false,"audioPlay":false,"sceneViewState":{"m_AlwaysRefresh":false,"showFog":true,"showSkybox":false,"showFlares":true,"showImageEffects":true,"showParticleSystems":true,"showVisualEffectGraphs":true,"m_FxEnabled":true},"in2DMode":false,"pivot":{"x":0.12299542129039765,"y":2.9144699573516847,"z":1.7732465267181397},"rotation":{"x":-0.15047648549079896,"y":-0.5019057393074036,"z":0.08915841579437256,"w":-0.8470641374588013},"size":3.3407845497131349,"orthographic":false}