{"cameraMode":{"drawMode":0,"name":"Shaded","section":"Shading Mode"},"sceneLighting":false,"audioPlay":false,"sceneViewState":{"m_AlwaysRefresh":false,"showFog":true,"showSkybox":false,"showFlares":true,"showImageEffects":true,"showParticleSystems":true,"showVisualEffectGraphs":true,"m_FxEnabled":true},"in2DMode":false,"pivot":{"x":-0.01316523551940918,"y":-0.3659437596797943,"z":0.30039799213409426},"rotation":{"x":0.25937727093696597,"y":0.22906745970249177,"z":-0.06347367912530899,"w":0.9360709190368652},"size":1.814979910850525,"orthographic":false}