{"cameraMode":{"drawMode":0,"name":"Shaded","section":"Shading Mode"},"sceneLighting":false,"audioPlay":false,"sceneViewState":{"m_AlwaysRefresh":false,"showFog":true,"showSkybox":false,"showFlares":true,"showImageEffects":true,"showParticleSystems":true,"showVisualEffectGraphs":true,"m_FxEnabled":true},"in2DMode":false,"pivot":{"x":-0.0023993924260139467,"y":0.11494863033294678,"z":0.006429344415664673},"rotation":{"x":-0.05949901044368744,"y":0.9270655512809753,"z":-0.3303481936454773,"w":-0.16697336733341218},"size":0.1653311848640442,"orthographic":false}