{"cameraMode":{"drawMode":0,"name":"Shaded","section":"Shading Mode"},"sceneLighting":false,"audioPlay":false,"sceneViewState":{"m_AlwaysRefresh":false,"showFog":true,"showSkybox":false,"showFlares":true,"showImageEffects":true,"showParticleSystems":true,"showVisualEffectGraphs":true,"m_FxEnabled":true},"in2DMode":false,"pivot":{"x":0.4480263590812683,"y":0.3221389651298523,"z":-0.09777909517288208},"rotation":{"x":0.032100412994623187,"y":0.9533134698867798,"z":-0.2796180248260498,"w":0.10944175720214844},"size":0.4902578592300415,"orthographic":false}