{"cameraMode":{"drawMode":0,"name":"Shaded","section":"Shading Mode"},"sceneLighting":false,"audioPlay":false,"sceneViewState":{"m_AlwaysRefresh":false,"showFog":true,"showSkybox":false,"showFlares":true,"showImageEffects":true,"showParticleSystems":true,"showVisualEffectGraphs":true,"m_FxEnabled":true},"in2DMode":false,"pivot":{"x":-5.960464477539063e-8,"y":0.46833038330078127,"z":0.0053632259368896488},"rotation":{"x":0.25937727093696597,"y":0.22906745970249177,"z":-0.06347367912530899,"w":0.9360709190368652},"size":1.4423161745071412,"orthographic":false}