{"cameraMode":{"drawMode":0,"name":"Shaded","section":"Shading Mode"},"sceneLighting":false,"audioPlay":false,"sceneViewState":{"m_AlwaysRefresh":false,"showFog":true,"showSkybox":false,"showFlares":true,"showImageEffects":true,"showParticleSystems":true,"showVisualEffectGraphs":true,"m_FxEnabled":true},"in2DMode":false,"pivot":{"x":3.5762786865234377e-7,"y":0.4839412569999695,"z":-0.008318901062011719},"rotation":{"x":0.18386834859848023,"y":0.4139745831489563,"z":-0.08577650785446167,"w":0.887393593788147},"size":1.5615782737731934,"orthographic":false}