{"cameraMode":{"drawMode":0,"name":"Shaded","section":"Shading Mode"},"sceneLighting":false,"audioPlay":false,"sceneViewState":{"m_AlwaysRefresh":false,"showFog":true,"showSkybox":false,"showFlares":true,"showImageEffects":true,"showParticleSystems":true,"showVisualEffectGraphs":true,"m_FxEnabled":true},"in2DMode":false,"pivot":{"x":-1.4901161193847657e-7,"y":0.94023197889328,"z":-0.000002384185791015625},"rotation":{"x":0.18386834859848023,"y":0.4139745831489563,"z":-0.08577650785446167,"w":0.887393593788147},"size":1.2046384811401368,"orthographic":false}