{"cameraMode":{"drawMode":0,"name":"Shaded","section":"Shading Mode"},"sceneLighting":false,"audioPlay":false,"sceneViewState":{"m_AlwaysRefresh":false,"showFog":true,"showSkybox":false,"showFlares":true,"showImageEffects":true,"showParticleSystems":true,"showVisualEffectGraphs":true,"m_FxEnabled":true},"in2DMode":false,"pivot":{"x":0.8435182571411133,"y":1.1196469068527222,"z":-0.44178271293640139},"rotation":{"x":0.18386834859848023,"y":0.4139745831489563,"z":-0.08577650785446167,"w":0.887393593788147},"size":1.2760454416275025,"orthographic":false}