{"cameraMode":{"drawMode":0,"name":"Shaded","section":"Shading Mode"},"sceneLighting":false,"audioPlay":false,"sceneViewState":{"m_AlwaysRefresh":false,"showFog":true,"showSkybox":false,"showFlares":true,"showImageEffects":true,"showParticleSystems":true,"showVisualEffectGraphs":true,"m_FxEnabled":true},"in2DMode":false,"pivot":{"x":8.046627044677734e-7,"y":0.08954242616891861,"z":-0.000010598450899124146},"rotation":{"x":0.12455018609762192,"y":0.49471598863601687,"z":-0.0718923956155777,"w":0.8570776581764221},"size":0.11515747755765915,"orthographic":false}