{"cameraMode":{"drawMode":0,"name":"Shaded","section":"Shading Mode"},"sceneLighting":false,"audioPlay":false,"sceneViewState":{"m_AlwaysRefresh":false,"showFog":true,"showSkybox":false,"showFlares":true,"showImageEffects":true,"showParticleSystems":true,"showVisualEffectGraphs":true,"m_FxEnabled":true},"in2DMode":false,"pivot":{"x":-0.044527601450681689,"y":0.13215866684913636,"z":0.4697452783584595},"rotation":{"x":0.043563392013311389,"y":-0.785998523235321,"z":0.05574880540370941,"w":0.6141734719276428},"size":0.42384567856788638,"orthographic":false}