{"cameraMode":{"drawMode":0,"name":"Shaded","section":"Shading Mode"},"sceneLighting":false,"audioPlay":false,"sceneViewState":{"m_AlwaysRefresh":false,"showFog":true,"showSkybox":false,"showFlares":true,"showImageEffects":true,"showParticleSystems":true,"showVisualEffectGraphs":true,"m_FxEnabled":true},"in2DMode":false,"pivot":{"x":0.13950450718402863,"y":0.7597063183784485,"z":-0.002461731433868408},"rotation":{"x":0.18386834859848023,"y":0.4139745831489563,"z":-0.08577650785446167,"w":0.887393593788147},"size":0.8328008055686951,"orthographic":false}