{"cameraMode":{"drawMode":0,"name":"Shaded","section":"Shading Mode"},"sceneLighting":false,"audioPlay":false,"sceneViewState":{"m_AlwaysRefresh":false,"showFog":true,"showSkybox":false,"showFlares":true,"showImageEffects":true,"showParticleSystems":true,"showVisualEffectGraphs":true,"m_FxEnabled":true},"in2DMode":false,"pivot":{"x":-0.001620367169380188,"y":0.08227145671844483,"z":0.003397911787033081},"rotation":{"x":0.18386834859848023,"y":0.4139745831489563,"z":-0.08577650785446167,"w":0.887393593788147},"size":0.2649191617965698,"orthographic":false}