{"cameraMode":{"drawMode":0,"name":"Shaded","section":"Shading Mode"},"sceneLighting":false,"audioPlay":false,"sceneViewState":{"m_AlwaysRefresh":false,"showFog":true,"showSkybox":false,"showFlares":true,"showImageEffects":true,"showParticleSystems":true,"showVisualEffectGraphs":true,"m_FxEnabled":true},"in2DMode":false,"pivot":{"x":-0.10209929943084717,"y":0.035846829414367679,"z":0.08352541923522949},"rotation":{"x":0.032100412994623187,"y":0.9533134698867798,"z":-0.2796180248260498,"w":0.10944175720214844},"size":2.072666883468628,"orthographic":false}