{"cameraMode":{"drawMode":0,"name":"Shaded","section":"Shading Mode"},"sceneLighting":false,"audioPlay":false,"sceneViewState":{"m_AlwaysRefresh":false,"showFog":true,"showSkybox":false,"showFlares":true,"showImageEffects":true,"showParticleSystems":true,"showVisualEffectGraphs":true,"m_FxEnabled":true},"in2DMode":false,"pivot":{"x":0.024737238883972169,"y":0.2359977662563324,"z":0.003896072506904602},"rotation":{"x":0.10098160058259964,"y":-0.3861628472805023,"z":0.04257483035326004,"w":0.9159016013145447},"size":0.44016093015670779,"orthographic":false}