{"cameraMode":{"drawMode":0,"name":"Shaded","section":"Shading Mode"},"sceneLighting":false,"audioPlay":false,"sceneViewState":{"m_AlwaysRefresh":false,"showFog":true,"showSkybox":false,"showFlares":true,"showImageEffects":true,"showParticleSystems":true,"showVisualEffectGraphs":true,"m_FxEnabled":true},"in2DMode":false,"pivot":{"x":-0.0008946657180786133,"y":0.14337874948978425,"z":0.0010691583156585694},"rotation":{"x":0.25937727093696597,"y":0.22906745970249177,"z":-0.06347367912530899,"w":0.9360709190368652},"size":0.2034422606229782,"orthographic":false}